URN,EstablishmentName,EstablishmentTypeGroup (name),EstablishmentStatus (name),CloseDate,PhaseOfEducation (name),SchoolCapacity,Easting,Northing,LSOA (name),LSOA (code)
107350,Buttershaw Business and Enterprise College,Local authority maintained schools,Closed,31/08/2016,Secondary,1610,413758,429909,Bradford 055E,E01010846
107351,Clayton Middle School,Local authority maintained schools,Closed,31/08/2000,Middle deemed secondary,,412131,431743,Bradford 047A,E01010633
107352,Grange Middle School,Local authority maintained schools,Closed,31/08/2000,Middle deemed secondary,,407360,442365,Bradford 006C,E01010708
107353,Great Horton Middle School,Local authority maintained schools,Closed,31/08/2000,Middle deemed secondary,,414415,431753,Bradford 050A,E01010663
107354,Hutton Middle School,Local authority maintained schools,Closed,31/08/2000,Middle deemed secondary,,418392,436089,Bradford 026A,E01010652
107355,Lapage Middle School,Local authority maintained schools,Closed,31/08/2000,Middle deemed secondary,,418262,433656,Bradford 042C,E01010622
107356,Priestman Middle School,Local authority maintained schools,Closed,31/08/2000,Middle deemed secondary,,415385,431040,Bradford 051D,E01010740
107357,Thorpe Middle School,Local authority maintained schools,Closed,01/09/2000,Middle deemed secondary,,417910,437587,Bradford 019E,E01010688
107358,Undercliffe Middle School,Local authority maintained schools,Closed,31/08/2000,Middle deemed secondary,,416805,434402,Bradford 035C,E01010830
107359,Whetley Middle School,Local authority maintained schools,Closed,31/08/2000,Middle deemed secondary,,414355,433926,Bradford 037D,E01010813
107360,Woodroyd Middle School,Local authority maintained schools,Closed,31/08/2000,Middle deemed secondary,,416286,431002,Bradford 053D,E01010743
107361,Belle Vue Boys' School,Local authority maintained schools,Closed,31/08/2015,Secondary,727,412442,435833,Bradford 030B,E01010674
107362,Eccleshill Upper School,Local authority maintained schools,Closed,31/08/2000,Secondary,,419025,436430,Bradford 027C,E01010654
107363,Wyke Manor School,Local authority maintained schools,Closed,31/08/2009,Secondary,927,415771,427388,Bradford 061B,E01010869
107364,Rhodesway School,Local authority maintained schools,Closed,31/08/2009,Secondary,1506,412425,433698,Bradford 040B,E01010629
107365,Bowling Community College,Local authority maintained schools,Closed,31/08/2000,Secondary,,417649,431184,Bradford 053A,E01010615
107366,Tong High School,Local authority maintained schools,Closed,30/11/2016,Secondary,1620,420272,429750,Bradford 057C,E01010816
107367,Frizinghall Middle School,Local authority maintained schools,Closed,31/08/2000,Middle deemed secondary,,415092,436125,Bradford 025D,E01010793
107368,Belle Vue Girls' School,Local authority maintained schools,Closed,31/03/2012,Secondary,1570,412379,435974,Bradford 030A,E01010669
107369,Drummond Middle School,Local authority maintained schools,Closed,01/09/2000,Middle deemed secondary,,415019,434257,Bradford 034D,E01010840
107370,Waverley Middle School,Local authority maintained schools,Closed,01/09/2000,Middle deemed secondary,,414607,432332,Bradford 044D,E01010837
107371,Heaton Middle School,Local authority maintained schools,Closed,31/08/2000,Middle deemed secondary,,412642,435598,Bradford 030B,E01010674
107372,Manningham Middle School,Local authority maintained schools,Closed,31/08/2000,Middle deemed secondary,,415702,434147,Bradford 065A,E01010842
107373,Gregory Middle School,Local authority maintained schools,Closed,01/09/2000,Middle deemed secondary,,417634,430081,Bradford 057E,E01010818
107374,Delf Hill Middle School,Local authority maintained schools,Closed,31/08/2000,Middle deemed secondary,,415255,428732,Bradford 059G,E01010867
107375,Eccleshill North Middle School,Local authority maintained schools,Closed,01/09/2000,Middle deemed secondary,,418955,436565,Bradford 026B,E01010653
107376,Swain House Middle School,Local authority maintained schools,Closed,31/08/2000,Middle deemed secondary,,417186,436013,Bradford 024C,E01010605
107377,Parkland Middle School,Local authority maintained schools,Closed,31/08/2000,Middle deemed secondary,,418588,437328,Bradford 019C,E01010682
107378,Wellington Middle School,Local authority maintained schools,Closed,31/08/2000,Middle deemed secondary,,417944,435302,Bradford 032A,E01010601
107379,Pollard Park Middle School,Local authority maintained schools,Closed,31/08/2000,Middle deemed secondary,,417878,433667,Bradford 042C,E01010622
107380,Allerton Middle School,Local authority maintained schools,Closed,31/08/2000,Middle deemed secondary,,411796,434245,Bradford 036D,E01010800
107381,Daisy Hill Middle School,Local authority maintained schools,Closed,31/08/1997,Middle deemed secondary,,412685,433491,Bradford 040B,E01010629
107382,Fairweather Green Middle School,Local authority maintained schools,Closed,31/08/1997,Middle deemed secondary,,413302,433406,Bradford 040A,E01010628
107383,Thornbury Middle School,Local authority maintained schools,Closed,31/08/2000,Middle deemed secondary,,418998,433757,Bradford 038A,E01010618
107384,Leaventhorpe Middle School,Local authority maintained schools,Closed,31/08/2000,Middle deemed secondary,,411510,433423,Bradford 043A,E01010794
107385,Ryan Middle School,Local authority maintained schools,Closed,31/08/2000,Middle deemed secondary,,416544,431137,Bradford 053C,E01010742
107386,Beckfoot School,Local authority maintained schools,Closed,31/07/2013,Secondary,1656,411343,438346,Bradford 022G,E01010596
107387,Swire Smith Middle School,Local authority maintained schools,Closed,31/08/2000,Middle deemed secondary,,407100,440604,Bradford 008F,E01010705
107388,Greenhead High School,Local authority maintained schools,Closed,31/08/2010,Secondary,1415,405489,442660,Bradford 007B,E01010727
107389,Highfield Middle School,Local authority maintained schools,Closed,31/08/2000,Middle deemed secondary,,405519,441294,Bradford 009D,E01010723
107390,Hartington Middle School,Local authority maintained schools,Closed,31/08/2000,Middle deemed secondary,,403134,437308,Bradford 023C,E01010856
107391,Queensbury School,Local authority maintained schools,Closed,31/08/2016,Secondary,1371,410212,429884,Bradford 058F,E01010759
107392,Holme Middle School,Local authority maintained schools,Closed,01/09/2000,Middle deemed secondary,,418768,430891,Bradford 052E,E01010822
107393,Mandale Middle School,Local authority maintained schools,Closed,31/08/2000,Middle deemed secondary,,412738,429995,Bradford 049H,E01033695
107394,Royd Mount Middle School,Local authority maintained schools,Closed,31/08/2000,Middle deemed secondary,,409627,432709,Bradford 043B,E01010795
107395,Titus Salt School,Local authority maintained schools,Open,,Secondary,1520,413756,438495,Bradford 018B,E01010583
107396,Bronte Middle School,Local authority maintained schools,Closed,31/08/2000,Middle deemed secondary,,404228,439278,Bradford 012E,E01010859
107397,Aire Valley School,Local authority maintained schools,Closed,31/03/2012,Secondary,1183,412134,437095,Bradford 022G,E01010596
107398,Parkside Middle School,Local authority maintained schools,Closed,31/08/2000,Middle deemed secondary,,407177,436801,Bradford 031B,E01010592
107399,Ladderbanks Middle School,Local authority maintained schools,Closed,31/08/2000,Middle deemed secondary,,416381,439822,Bradford 013B,E01010574
107400,Burley Middle School,Local authority maintained schools,Closed,31/08/2000,Middle deemed secondary,,416594,446038,Bradford 003A,E01010767
107401,Ilkley Middle School,Local authority maintained schools,Closed,31/08/2000,Middle deemed secondary,,413330,447893,Bradford 002H,E01010699
107402,Nab Wood Middle School,Local authority maintained schools,Closed,31/08/2000,Middle deemed secondary,,412636,437382,Bradford 018E,E01010786
107403,Stoney Lee Middle School,Local authority maintained schools,Closed,31/08/2000,Middle deemed secondary,,411900,436808,Bradford 022B,E01010587
107404,Ryshworth Middle School,Local authority maintained schools,Closed,31/08/2000,Middle deemed secondary,,410046,440909,Bradford 010D,E01010765
107405,Gilstead Middle School,Local authority maintained schools,Closed,31/08/2000,Middle deemed secondary,,412057,439555,Bradford 010B,E01010580
107406,Woodend Middle School,Local authority maintained schools,Closed,31/08/2000,Middle deemed secondary,,415784,437595,Bradford 021C,E01010779
107407,Belmont Middle School,Local authority maintained schools,Closed,31/08/2000,Middle deemed secondary,,414697,439122,Bradford 013A,E01010573
107408,Addingham Middle School,Local authority maintained schools,Closed,31/08/2000,Middle deemed secondary,,407837,449827,Bradford 001B,E01010647
107409,Buttershaw Middle School,Local authority maintained schools,Closed,31/08/2000,Middle deemed secondary,,413660,429470,Bradford 059D,E01010850
107410,Wyke Middle School,Local authority maintained schools,Closed,31/08/2000,Middle deemed secondary,,415417,427379,Bradford 061D,E01010871
107411,Woodside Middle School,Local authority maintained schools,Closed,31/08/2000,Middle deemed secondary,,414338,428673,Bradford 059G,E01010867
107412,Lidget Green Middle School,Local authority maintained schools,Closed,31/08/2000,Middle deemed secondary,,413833,432564,Bradford 041A,E01010658
107413,Carlton Bolling College,Local authority maintained schools,Closed,31/05/2019,Secondary,1524,417309,434007,Bradford 035B,E01010829
107414,Grange Technology College,Local authority maintained schools,Closed,31/07/2013,Secondary,1848,414840,430947,Bradford 050C,E01010666
107415,Worth Valley Middle School,Local authority maintained schools,Closed,31/08/2000,Middle deemed secondary,,405038,439121,Bradford 012C,E01010718
107416,Calversyke Middle School,Local authority maintained schools,Closed,31/08/2000,Middle deemed secondary,,404745,441228,Bradford 009B,E01010720
107417,Lower Fields Middle School,Local authority maintained schools,Closed,01/09/2000,Middle deemed secondary,,418059,431619,Bradford 046A,E01010609
107418,Broomwood Middle School,Local authority maintained schools,Closed,31/08/2000,Middle deemed secondary,,418534,430019,Bradford 057B,E01010815
107419,Hainsworth Moor Middle School,Local authority maintained schools,Closed,31/08/2000,Middle deemed secondary,,409748,429702,Bradford 058G,E01010760
107420,Scotchman Middle School,Local authority maintained schools,Closed,31/08/2000,Middle deemed secondary,,414051,434906,Bradford 033A,E01010804
107421,Ilkley Grammar School,Local authority maintained schools,Closed,30/06/2011,Secondary,1558,412318,447313,Bradford 001D,E01010692
107422,Wycliffe CofE Middle School,Local authority maintained schools,Closed,01/09/2000,Middle deemed secondary,,414226,437798,Bradford 020F,E01033694
107423,St Bede's Catholic Grammar School,Local authority maintained schools,Closed,31/08/2014,Secondary,1011,414095,435459,Bradford 029A,E01010670
107424,St Blaise RC Middle School,Local authority maintained schools,Closed,31/08/1995,Middle deemed secondary,,417634,430081,Bradford 057E,E01010818
107425,St Edmund Campion RC Middle School,Local authority maintained schools,Closed,31/08/1995,Middle deemed secondary,,412685,433491,Bradford 040B,E01010629
107426,St George RC Middle School,Local authority maintained schools,Closed,31/08/1995,Middle deemed secondary,,416805,434402,Bradford 035C,E01010830
107427,Cottingley Manor RC Middle School,Local authority maintained schools,Closed,31/08/1995,Middle deemed secondary,,411962,437252,Bradford 022G,E01010596
107428,The Holy Family Catholic School,Local authority maintained schools,Closed,31/07/2022,Secondary,992,405542,442148,Bradford 007D,E01010729
107429,St Joseph's Catholic College,Local authority maintained schools,Closed,31/08/2014,Secondary,1048,415527,435111,Bradford 034C,E01010824
107430,Yorkshire Martyrs Catholic College,Local authority maintained schools,Closed,31/08/2010,Secondary,1187,420032,429854,Bradford 057C,E01010816
107439,Bingley Grammar School,Local authority maintained schools,Open,,Secondary,1878,410225,439962,Bradford 015A,E01010578
107440,Hanson School,Local authority maintained schools,Closed,30/06/2022,Secondary,1788,417067,435775,Bradford 028A,E01010597
107441,Oakbank School,Local authority maintained schools,Closed,31/08/2016,Secondary,1878,404911,439811,Bradford 012A,E01010715
107442,Thornton Grammar School,Local authority maintained schools,Closed,30/09/2016,Secondary,1718,411847,432804,Bradford 043A,E01010794
107443,Laisterdyke Business and Enterprise College,Local authority maintained schools,Closed,31/03/2016,Secondary,1134,418898,433378,Bradford 038B,E01010619
107444,Wibsey Middle School,Local authority maintained schools,Closed,31/08/2000,Middle deemed secondary,,414874,430190,Bradford 054A,E01010847
127741,Tyersal Middle School,Local authority maintained schools,Closed,31/08/1988,Middle deemed secondary,,418792,432435,Bradford 046C,E01010611
127742,Fenby Middle School,Local authority maintained schools,Closed,31/08/1988,Middle deemed secondary,,417968,431470,Bradford 046A,E01010609
127743,Wrose Brow Middle School,Local authority maintained schools,Closed,31/08/1988,Middle deemed secondary,,415821,437468,Bradford 021C,E01010779
130532,Bradford College,Colleges,Open,,16 plus,,415804,432766,Bradford 044A,E01010834
130533,Keighley College,Colleges,Closed,01/08/2007,16 plus,,406085,441427,Bradford 008G,E01010710
130534,Shipley College,Colleges,Open,,16 plus,,414039,437883,Bradford 020F,E01033694
130909,Dixons City Academy,Academies,Open,,Secondary,900,416098,431611,Bradford 048B,E01010732
131140,Chellow Dene Middle School,Local authority maintained schools,Closed,31/08/2000,Middle deemed secondary,,412685,433491,Bradford 040B,E01010629
132216,The Challenge College,Local authority maintained schools,Closed,31/08/2013,Secondary,1047,415553,435367,Bradford 034C,E01010824
132217,Parkside School,Local authority maintained schools,Closed,31/08/2023,Secondary,1113,407177,436801,Bradford 031B,E01010592
132218,Bradford Cathedral Community College,Local authority maintained schools,Closed,31/08/2007,Secondary,958,417649,431184,Bradford 053A,E01010615
132219,Immanuel College,Local authority maintained schools,Closed,31/01/2016,Secondary,1425,418072,438376,Bradford 017C,E01010685
133450,Feversham College,Local authority maintained schools,Closed,31/07/2011,Secondary,608,416891,434410,Bradford 035C,E01010830
135367,Bradford Academy,Academies,Open,,All-through,1891,417634,431292,Bradford 053A,E01010615
135865,Appleton Academy,Academies,Closed,31/08/2017,All-through,1297,415194,427358,Bradford 061A,E01010868
135866,Dixons Allerton Academy,Academies,Open,,All-through,1885,412538,433766,Bradford 040B,E01010629
136198,Carlton Keighley,Academies,Open,,Secondary,900,405489,442660,Bradford 007B,E01010727
136905,Ilkley Grammar School,Academies,Open,,Secondary,1972,412318,447313,Bradford 001D,E01010692
136962,Feversham Girls' Secondary Academy,Academies,Open,,Secondary,720,416891,434410,Bradford 035C,E01010830
137277,Dixons Kings Academy,Free Schools,Open,,Secondary,800,414039,432737,Bradford 041A,E01010658
137576,The Samuel Lister Academy,Academies,Closed,30/06/2018,Secondary,1100,412134,437095,Bradford 022G,E01010596
138087,Belle Vue Girls' Academy,Academies,Open,,Secondary,1150,412379,435974,Bradford 030A,E01010669
138251,Dixons Trinity Academy,Free Schools,Open,,Secondary,670,415807,432243,Bradford 048C,E01010733
138566,Bradford Studio School,Free Schools,Closed,31/08/2016,Secondary,300,415927,433049,Bradford 065B,E01033691
139474,Valley Academy,Free Schools,Open,,Secondary,375,415875,434339,Bradford 064A,E01033693
139975,Beckfoot School,Academies,Open,,Secondary,1610,411343,438346,Bradford 022G,E01010596
139982,Grange Technology College,Academies,Closed,31/05/2019,Secondary,1848,414840,430947,Bradford 050C,E01010666
139995,Oasis Academy Lister Park,Academies,Open,,Secondary,800,415553,435367,Bradford 034C,E01010824
140204,Bradford Girls' Grammar School,Free Schools,Open,,Secondary,725,413518,434181,Bradford 037B,E01010810
140429,Bradford Forster Academy,Academies,Open,,Secondary,1050,418253,431516,Bradford 046A,E01010609
140569,St Bede's and St Joseph's Catholic College,Local authority maintained schools,Closed,31/08/2023,Secondary,1950,414095,435459,Bradford 029A,E01010670
141002,Dixons McMillan Academy,Free Schools,Open,,Secondary,670,415595,432301,Bradford 048C,E01010733
142031,Beckfoot Upper Heaton,Academies,Open,,Secondary,727,412551,435819,Bradford 030B,E01010674
142590,Immanuel College,Academies,Open,,Secondary,1850,418072,438376,Bradford 017C,E01010685
142681,Laisterdyke Leadership Academy,Academies,Open,,Secondary,900,418898,433378,Bradford 038B,E01010619
142761,Tong Leadership Academy,Academies,Open,,Secondary,1610,420272,429750,Bradford 057C,E01010816
142825,Buttershaw Business & Enterprise College Academy,Academies,Open,,Secondary,1610,413758,429909,Bradford 055E,E01010846
143112,Beckfoot Oakbank,Academies,Open,,Secondary,1800,404911,439811,Bradford 012A,E01010715
143113,Queensbury Academy,Academies,Closed,31/01/2021,Secondary,1050,410212,429884,Bradford 058F,E01010759
143114,Beckfoot Thornton,Academies,Open,,Secondary,1300,411847,432804,Bradford 043A,E01010794
143689,New College Bradford,Free Schools,Open,,16 plus,1200,416419,432548,Bradford 045C,E01010730
143704,"Dixons Sixth Form, Bradford",Free Schools,Open,,16 plus,1300,416223,431838,Bradford 048B,E01010732
145173,Appleton Academy,Academies,Open,,All-through,1378,415176,427370,Bradford 061A,E01010868
146198,Dixons Cottingley Academy,Academies,Open,,Secondary,900,412109,437145,Bradford 022G,E01010596
147067,Bronte Girls' Academy,Free Schools,Open,,Secondary,720,416850,432200,Bradford 045C,E01010730
147100,Carlton Bolling,Academies,Open,,Secondary,1524,417309,434007,Bradford 064B,E01010617
147177,Co-op Academy Grange,Academies,Open,,Secondary,1500,414778,430943,Bradford 050C,E01010666
147204,"Eden Boys' Leadership Academy, Bradford",Free Schools,Open,,Secondary,800,414410,433615,Bradford 041C,E01010833
148520,"St Bede's and St Joseph's Catholic College, A Voluntary Academy",Academies,Open,,Secondary,1950,414095,435459,Bradford 029A,E01010670
148545,Trinity Academy Bradford,Academies,Open,,Secondary,1050,410206,429889,Bradford 058F,E01010759
149011,Hanson Academy,Academies,Open,,Secondary,1788,417067,435775,Bradford 028A,E01010597
149299,"The Holy Family Catholic School, a Voluntary Academy",Academies,Open,,Secondary,992,405517,442160,Bradford 007D,E01010729
150001,Parkside School,Academies,Open,,Secondary,1374,407177,436801,Bradford 031B,E01010592
